index,Date,Gold_Price,Usd_Inr,Sensex,Crude_Oil
1,12-06-2018,1249.6,70.85,35312.13,3619
2,12-07-2018,1258.7,70.86,35673.25,3849
3,12-10-2018,1255.6,72.52,34959.72,3766
4,12-11-2018,1253.4,72.291,35150.01,3754
5,12-12-2018,1256.2,71.84,35779.07,3749
6,12-13-2018,1253.6,71.53,35929.64,3716
7,12-14-2018,1247.5,71.92,35962.93,3690
8,12-17-2018,1258,71.61,36270.07,3602
9,12-18-2018,1259.8,70.62,36347.08,3375
10,12-19-2018,1262.6,70.279,36484.33,3380
11,12-20-2018,1274.2,69.98,36431.67,3245
12,12-21-2018,1264.2,70.14,35742.07,3236
13,12-24-2018,1278,70.105,35470.15,3077
14,12-26-2018,1279.2,70.07,35649.94,3214
15,12-27-2018,1287.4,70.361,35807.28,3183
16,12-28-2018,1289.3,69.933,36076.72,3185
17,12-31-2018,1287.7,69.57,36068.33,3170
18,01-02-2019,1290.5,70,35891.52,3328
19,01-03-2019,1301.2,70.11,35513.71,3285
20,01-04-2019,1292.2,69.55,35695.1,3348
21,01-07-2019,1296.4,69.803,35850.16,3442
22,01-08-2019,1292.4,70.14,35980.93,3474
23,01-09-2019,1298.5,70.56,36212.91,3686
24,01-10-2019,1294,70.42,36106.5,3678
25,01-11-2019,1296.1,70.399,36009.84,3632
26,01-14-2019,1298,70.76,35853.56,3628
27,01-15-2019,1294.9,71.1,36318.33,3690
28,01-16-2019,1300.3,70.98,36321.29,3686
29,01-17-2019,1298.7,71.05,36374.08,3688
30,01-18-2019,1288.9,71.21,36386.61,3817
31,01-22-2019,1289.5,71.26,36444.64,3749
32,01-23-2019,1290.2,71.19,36108.47,3741
33,01-24-2019,1285.9,71,36195.1,3791
34,01-25-2019,1304.2,70.9,36025.54,3812
35,01-28-2019,1309.3,71.07,35656.7,3682
36,01-29-2019,1315.2,71.39,35592.5,3820
37,01-30-2019,1321.9,71.235,35591.25,3906
38,01-31-2019,1331.6,70.96,36256.69,3869
39,02-01-2019,1328.6,71.435,36469.43,3963
40,02-04-2019,1325.8,71.71,36582.74,3919
41,02-05-2019,1325.8,71.53,36616.81,3845
42,02-06-2019,1320.9,71.55,36975.23,3881
43,02-07-2019,1320.7,71.3,36971.09,3727
44,02-08-2019,1325,71.175,36546.48,3760
45,02-11-2019,1318.4,71.14,36395.03,3719
46,02-12-2019,1320.4,70.535,36153.62,3782
47,02-13-2019,1321.6,70.875,36034.11,3843
48,02-14-2019,1320.4,71.02,35876.22,3867
49,02-15-2019,1328.5,71.33,35808.95,3951
50,02-19-2019,1351.3,71.3,35352.61,4003
51,02-20-2019,1354.4,71.01,35756.26,4089
52,02-21-2019,1334.3,71.165,35898.35,4061
53,02-22-2019,1339.4,71.035,35871.48,4085
54,02-25-2019,1336.1,70.834,36213.38,3932
55,02-26-2019,1335.2,70.96,35973.71,3952
56,02-27-2019,1327.9,71.2,35905.43,4089
57,02-28-2019,1322.7,70.84,35867.44,4058
58,03-01-2019,1305.8,71,36063.81,3973
59,03-05-2019,1291.2,70.49,36442.54,4005
60,03-06-2019,1294.2,70.08,36636.1,3938
61,03-07-2019,1292.8,70.116,36725.42,3982
62,03-08-2019,1306,70.012,36671.43,3886
63,03-11-2019,1297.6,69.85,37054.1,3967
64,03-12-2019,1304.5,69.625,37535.66,3970
65,03-13-2019,1315.8,69.529,37752.17,4037
66,03-14-2019,1301.4,69.365,37754.89,4061
67,03-15-2019,1308.9,68.963,38024.32,4038
68,03-18-2019,1307.7,68.625,38095.07,4058
69,03-19-2019,1312.7,69.015,38363.47,4038
70,03-20-2019,1307.8,68.79,38386.75,4119
71,03-22-2019,1318.7,69.17,38164.61,4075
72,03-25-2019,1329,68.89,37808.91,4095
73,03-26-2019,1321.4,68.996,38233.41,4150
74,03-27-2019,1316.9,69.1,38132.88,4119
75,03-28-2019,1301.4,69.19,38545.72,4111
76,03-29-2019,1304.5,69.185,38672.91,4185
77,04-01-2019,1300.3,69.205,38871.87,4280
78,04-02-2019,1301.4,68.92,39056.65,4321
79,04-03-2019,1301.3,68.45,38877.12,4281
80,04-04-2019,1300.3,68.98,38684.72,4334
81,04-05-2019,1301.7,69.17,38862.23,4362
82,04-08-2019,1307.9,69.555,38700.53,4481
83,04-09-2019,1314.3,69.28,38939.22,4451
84,04-10-2019,1319.9,69.15,38585.35,4474
85,04-11-2019,1299.3,69.02,38607.01,4389
86,04-12-2019,1301.2,69.19,38767.11,4451
87,04-15-2019,1297.4,69.395,38905.84,4403
88,04-16-2019,1283.2,69.53,39275.64,4431
89,04-18-2019,1282,69.395,39140.28,4439
90,04-22-2019,1283.7,69.7,38645.18,4593
91,04-23-2019,1279.2,69.77,38564.88,4641
92,04-24-2019,1285.4,69.96,39054.68,4629
93,04-25-2019,1285.7,70.17,38730.86,4637
94,04-26-2019,1294.8,69.85,39067.33,4409
95,04-30-2019,1291.7,69.647,39031.55,4467
96,05-02-2019,1277.8,69.41,38981.43,4277
97,05-03-2019,1287.2,69.095,38963.26,4307
98,05-06-2019,1289.8,69.38,38600.34,4346
99,05-07-2019,1291.6,69.645,38276.63,4264
100,05-08-2019,1287.4,69.72,37789.13,4334
101,05-09-2019,1291.2,70.2,37558.91,4327
102,05-10-2019,1293.3,70.015,37462.99,4326
103,05-13-2019,1307.7,70.57,37090.82,4312
104,05-14-2019,1302.1,70.332,37318.53,4352
105,05-15-2019,1303.7,70.249,37114.88,4366
106,05-16-2019,1292,70.13,37393.48,4420
107,05-17-2019,1281.4,70.28,37930.77,4416
108,05-20-2019,1282.9,69.609,39352.67,4360
109,05-21-2019,1278.8,69.645,38969.8,4415
110,05-22-2019,1279.5,69.65,39110.21,4276
111,05-23-2019,1291,69.665,38811.39,4036
112,05-24-2019,1289.2,69.38,39434.72,4071
113,05-28-2019,1282.5,69.61,39749.73,4143
114,05-29-2019,1286.3,69.845,39502.05,4116
115,05-30-2019,1298.3,69.825,39831.97,3989
116,05-31-2019,1316.9,69.58,39714.2,3775
117,06-03-2019,1333.7,69.171,40267.62,3715
118,06-04-2019,1334.5,69.291,40083.54,3714
119,06-06-2019,1348.4,69.165,39529.72,3582
120,06-07-2019,1351.8,69.355,39615.9,3722
121,06-10-2019,1335,69.535,39784.52,3754
122,06-11-2019,1337,69.385,39950.46,3720
123,06-12-2019,1342.5,69.375,39756.81,3596
124,06-13-2019,1349.5,69.53,39741.36,3643
125,06-14-2019,1350.4,69.833,39452.07,3675
126,06-17-2019,1348.8,69.85,38960.79,3645
127,06-18-2019,1356.6,69.61,39046.34,3732
128,06-19-2019,1354.7,69.65,39112.74,3738
129,06-20-2019,1402.9,69.52,39601.63,3977
130,06-21-2019,1405.9,69.615,39194.49,4017
131,06-24-2019,1424.1,69.273,39122.96,3993
132,06-25-2019,1424.6,69.334,39434.94,4036
133,06-26-2019,1421.2,69.245,39592.08,4129
134,06-27-2019,1417.9,69.088,39586.41,4114
135,06-28-2019,1419.6,68.95,39394.64,4095
136,07-01-2019,1395.3,68.885,39686.5,4053
137,07-02-2019,1414.2,68.89,39816.48,3947
138,07-03-2019,1427.1,68.8,39839.25,3936
139,07-05-2019,1406.3,68.45,39513.39,3933
140,07-08-2019,1406.2,68.566,38720.57,3978
141,07-09-2019,1406.8,68.565,38730.82,3967
142,07-10-2019,1418.8,68.419,38557.04,4116
143,07-11-2019,1413,68.41,38823.11,4132
144,07-12-2019,1418.5,68.56,38736.23,4138
145,07-15-2019,1419.9,68.545,38896.71,4086
146,07-16-2019,1417.6,68.65,39131.04,3947
147,07-17-2019,1429.7,68.846,39215.64,3916
148,07-18-2019,1434.5,68.855,38897.46,3815
149,07-19-2019,1433.2,68.86,38337.01,3800
150,07-22-2019,1433.4,68.93,38031.13,3894
151,07-23-2019,1428.2,69.033,37982.74,3916
152,07-24-2019,1430.2,68.98,37847.65,3908
153,07-25-2019,1421.2,69.041,37830.98,3908
154,07-26-2019,1425.9,68.88,37882.79,3869
155,07-29-2019,1427.2,68.755,37686.37,3905
156,07-30-2019,1441.8,68.862,37397.24,3987
157,07-31-2019,1437.8,68.875,37481.12,4032
158,08-01-2019,1432.4,69.017,37018.32,3790
159,08-02-2019,1457.5,69.7,37118.22,3891
160,08-05-2019,1476.5,70.821,36699.84,3903
161,08-06-2019,1484.2,71.04,36976.85,3858
162,08-07-2019,1519.6,71.145,36690.5,3641
163,08-08-2019,1509.5,70.42,37327.36,3696
164,08-09-2019,1508.5,70.924,37581.91,3892
165,08-13-2019,1514.1,71.418,36958.16,4037
166,08-14-2019,1527.8,71.275,37311.53,3914
167,08-16-2019,1523.6,71.155,37350.33,3896
168,08-19-2019,1511.6,71.451,37402.49,3997
169,08-20-2019,1515.7,71.549,37328.01,4021
170,08-21-2019,1515.7,71.44,37060.37,4015
171,08-22-2019,1508.5,71.93,36472.93,4016
172,08-23-2019,1537.6,71.513,36701.16,3863
173,08-26-2019,1537.2,72.025,37494.12,3868
174,08-27-2019,1551.8,71.543,37641.27,3910
175,08-28-2019,1549.1,71.829,37451.84,4019
176,08-29-2019,1536.9,71.69,37068.93,4042
177,08-30-2019,1529.4,71.453,37332.79,3952
178,09-03-2019,1555.9,72.17,36562.91,3883
179,09-04-2019,1560.4,71.989,36724.74,4075
180,09-05-2019,1525.5,71.928,36644.42,4092
181,09-06-2019,1515.5,71.645,36981.77,4054
182,09-09-2019,1511.1,71.778,37145.45,4163
183,09-11-2019,1503.2,71.577,37270.82,4007
184,09-12-2019,1507.4,70.967,37104.28,3899
185,09-13-2019,1499.5,70.985,37384.99,3915
186,09-16-2019,1511.5,71.58,37123.31,4520
187,09-17-2019,1513.4,71.49,36481.09,4245
188,09-18-2019,1515.8,71.145,36563.88,4138
189,09-19-2019,1506.2,71.375,36093.47,4144
190,09-20-2019,1515.1,71.075,38014.62,4178
191,09-23-2019,1531.5,70.799,39090.03,4151
192,09-24-2019,1540.2,70.971,39097.14,4083
193,09-25-2019,1512.3,70.988,38593.52,4001
194,09-26-2019,1515.2,70.964,38989.74,3974
195,09-27-2019,1513.1,70.509,38822.57,3934
196,09-30-2019,1479.6,70.645,38667.33,3880
197,10-01-2019,1495.7,71.11,38305.41,3812
198,10-03-2019,1520.5,71.03,38106.87,3728
199,10-04-2019,1519.7,70.825,37673.31,3735
200,10-07-2019,1511.2,70.975,37531.98,3784
201,10-09-2019,1519.6,71.12,38177.95,3765
202,10-10-2019,1507.7,70.99,37880.4,3785
203,10-11-2019,1495.5,70.924,38127.08,3869
204,10-14-2019,1504.4,71.237,38214.47,3815
205,10-15-2019,1490.3,71.5,38506.09,3824
206,10-16-2019,1500.8,71.364,38598.99,3818
207,10-17-2019,1505.2,71.13,39052.06,3805
208,10-18-2019,1501,71.09,39298.38,3808
209,10-22-2019,1494.5,70.81,38963.84,3852
210,10-23-2019,1502.7,70.725,39058.83,3948
211,10-24-2019,1511.7,70.965,39020.39,4008
212,10-25-2019,1512.3,70.82,39058.06,3993
213,10-29-2019,1497.7,70.89,39831.84,3960
214,10-30-2019,1503.8,70.952,40051.87,3880
215,10-31-2019,1521.8,70.98,40129.05,3853
216,11-01-2019,1518.5,70.76,40165.03,3938
217,11-04-2019,1518.3,70.789,40301.96,4050
218,11-05-2019,1490.8,70.775,40248.23,4043
219,11-06-2019,1500.3,71.01,40469.78,4005
220,11-07-2019,1473.3,71.047,40653.74,4093
221,11-08-2019,1469.8,71.36,40323.61,4076
222,11-11-2019,1464.1,71.57,40345.08,4078
223,11-13-2019,1470.2,72.15,40116.06,4139
224,11-14-2019,1480.2,71.966,40286.48,4101
225,11-15-2019,1475.4,71.65,40356.69,4134
226,11-18-2019,1478.8,71.945,40284.19,4077
227,11-19-2019,1481.2,71.83,40469.7,3982
228,11-20-2019,1481,71.746,40651.64,4098
229,11-21-2019,1470.5,71.75,40575.17,4191
230,11-22-2019,1470.5,71.792,40359.41,4169
231,11-25-2019,1463.8,71.689,40889.23,4144
232,11-26-2019,1467.4,71.48,40821.3,4163
233,11-27-2019,1466,71.26,41020.61,4127
234,11-29-2019,1478.1,71.749,40793.81,3980
235,12-02-2019,1474.6,71.634,40802.17,4008
236,12-03-2019,1489.9,71.74,40675.45,4039
237,12-04-2019,1485.6,71.474,40850.29,4184
238,12-05-2019,1488.6,71.252,40779.59,4161
239,12-06-2019,1470.7,71.283,40445.15,4206
240,12-09-2019,1470.5,70.97,40487.43,4197
241,12-10-2019,1473.7,70.81,40239.88,4195
242,12-11-2019,1480.6,70.71,40412.57,4156
243,12-12-2019,1477.9,70.57,40581.71,4200
244,12-13-2019,1486.9,70.798,41009.71,4241
245,12-16-2019,1486.1,70.915,40938.72,4272
246,12-17-2019,1486.4,71.035,41352.17,4329
247,12-18-2019,1484.4,71,41558.57,4344
248,12-19-2019,1490,71.18,41673.92,4360
249,12-20-2019,1486.6,71.06,41681.54,4294
250,12-23-2019,1494.4,71.22,41642.66,4325
251,12-24-2019,1510.6,71.28,41461.26,4356
252,12-26-2019,1520.3,71.3,41163.76,4403
253,12-27-2019,1524.1,71.455,41575.14,4416
254,12-30-2019,1524.6,71.32,41558,4401
255,12-31-2019,1529.3,71.355,41253.74,4386
256,01-02-2020,1534.3,71.35,41626.64,4343
257,01-03-2020,1558.7,71.77,41464.61,4499
258,01-06-2020,1575.1,71.867,40676.63,4538
259,01-07-2020,1580.5,71.845,40869.47,4494
260,01-08-2020,1566.5,71.51,40817.74,4260
261,01-09-2020,1560.6,71.21,41452.35,4237
262,01-10-2020,1566.4,70.96,41599.72,4202
263,01-13-2020,1557,70.71,41859.69,4132
264,01-14-2020,1550.9,70.85,41952.63,4138
265,01-15-2020,1560.1,70.72,41872.73,4100
266,01-16-2020,1556.5,70.978,41932.56,4165
267,01-17-2020,1566.5,71.079,41945.37,4146
268,01-21-2020,1564.1,71.17,41323.81,4186
269,01-22-2020,1562.9,71.08,41115.38,4048
270,01-23-2020,1571.6,71.4,41386.4,3931
271,01-24-2020,1578.2,71.33,41613.19,3873
272,01-27-2020,1583.7,71.45,41155.12,3783
273,01-28-2020,1575.8,71.2,40966.86,3808
274,01-29-2020,1576,71.31,41198.66,3806
275,01-30-2020,1595.1,71.55,40913.82,3723
276,01-31-2020,1593.8,71.555,40723.49,3683
277,02-03-2020,1588.3,71.324,39872.31,3626
278,02-04-2020,1561.4,71.115,40789.38,3584
279,02-05-2020,1568.7,71.19,41142.66,3680
280,02-06-2020,1575.8,71.225,41306.03,3630
281,02-07-2020,1579.2,71.515,41141.85,3617
282,02-10-2020,1585.4,71.29,40979.62,3541
283,02-11-2020,1575.9,71.285,41216.14,3580
284,02-12-2020,1577.3,71.306,41565.9,3662
285,02-13-2020,1584.5,71.33,41459.79,3675
286,02-14-2020,1591.9,71.529,41257.74,3707
287,02-18-2020,1609.3,71.585,40894.38,3698
288,02-19-2020,1617.5,71.6,41323,3813
289,02-20-2020,1626.2,71.68,41170.12,3904
290,02-24-2020,1682.4,71.935,40363.23,3662
291,02-25-2020,1655.8,71.82,40281.2,3644
292,02-26-2020,1648.9,71.58,39888.96,3546
293,02-27-2020,1648.2,71.655,39745.66,3395
294,02-28-2020,1571.8,72.539,38297.29,3263
295,03-02-2020,1599.5,72.882,38144.02,3431
296,03-03-2020,1648.9,73.05,38623.7,3457
297,03-04-2020,1647.2,73.54,38409.48,3507
298,03-05-2020,1672,73.506,38470.61,3431
299,03-06-2020,1676.1,74.004,37576.62,3159
300,03-09-2020,1678.6,74.196,35634.95,2458
301,03-11-2020,1645.4,73.682,35697.4,2483
302,03-12-2020,1593.2,74.576,32778.14,2328
303,03-13-2020,1519.5,73.84,34103.48,2396
304,03-16-2020,1488.6,74.003,31390.07,2161
305,03-17-2020,1528.1,74.062,30579.09,2095
306,03-18-2020,1480.6,74.55,28869.51,1619
307,03-19-2020,1482.3,74.786,28288.23,1867
308,03-20-2020,1488.1,75.399,29915.96,1938
309,03-23-2020,1572.7,76.335,25981.24,1814
310,03-24-2020,1663.3,76.379,26674.03,1873
311,03-25-2020,1634.3,76.375,28535.78,1959
312,03-26-2020,1660.3,74.889,29946.77,1787
313,03-27-2020,1654.1,75.472,29815.59,1699
314,03-30-2020,1643.5,75.41,28440.32,1616
315,03-31-2020,1596.6,75.343,29468.49,1680
316,04-01-2020,1591.7,76.404,28265.31,1621
317,04-03-2020,1645.5,76.24,27590.95,2048
318,04-07-2020,1682.8,75.645,30067.21,2064
319,04-08-2020,1683.8,75.945,29893.96,1894
320,04-09-2020,1752.1,76.3,31159.62,2080
321,04-13-2020,1760.9,76.249,30690.02,1780
322,04-15-2020,1741.2,76.564,30379.81,1529
323,04-16-2020,1733.2,76.805,30602.61,1561
324,04-17-2020,1700.1,76.55,31588.72,1436
325,04-21-2020,1689.8,76.975,30636.71,1324
326,04-22-2020,1741.4,76.41,31379.55,937
327,04-23-2020,1748.8,75.895,31863.08,1289
328,04-24-2020,1739.7,76.27,31327.22,1350
329,04-27-2020,1728.7,76.229,31743.08,1066
330,04-28-2020,1727.8,76.065,32114.52,1005
331,04-29-2020,1719.2,75.455,32720.16,1183
332,04-30-2020,1701,75.08,33717.62,1315
333,05-04-2020,1720.3,75.64,31715.35,1555
334,05-05-2020,1718.9,75.71,31453.51,1869
335,05-06-2020,1696.5,76.105,31685.75,1801
336,05-07-2020,1735.7,75.794,31443.38,1834
337,05-08-2020,1726.6,75.535,31642.7,1837
338,05-11-2020,1711.3,75.888,31561.22,1845
339,05-12-2020,1717.3,75.062,31371.12,1948
340,05-13-2020,1726.9,75.365,32008.61,1911
341,05-14-2020,1752.1,75.495,31122.89,2054
342,05-15-2020,1768,75.83,31097.73,2246
343,05-18-2020,1746.7,75.7,30028.98,2401
344,05-19-2020,1757.9,75.645,30196.17,2402
345,05-20-2020,1765.6,75.555,30818.61,2520
346,05-21-2020,1736.9,75.62,30932.9,2563
347,05-22-2020,1753.5,75.95,30672.59,2523
348,05-26-2020,1728.2,75.459,30609.3,2574
349,05-27-2020,1726.8,75.92,31605.22,2512
350,05-28-2020,1737.3,75.66,32200.59,2582
351,05-29-2020,1760.7,75.605,32424.1,2564
352,06-01-2020,1759.1,75.505,33303.52,2669
353,06-02-2020,1743.3,75.1,33825.53,2746
354,06-03-2020,1716.1,75.325,34109.54,2780
355,06-04-2020,1738.1,75.459,33980.7,2817
356,06-05-2020,1694.1,75.56,34287.24,2990
357,06-08-2020,1715.7,75.4,34370.58,2882
358,06-09-2020,1732.2,75.505,33956.69,2888
359,06-10-2020,1730.4,75.635,34247.05,2964
360,06-11-2020,1748.8,75.971,33538.37,2782
361,06-12-2020,1746.2,76.05,33780.89,2738
362,06-15-2020,1735.7,75.979,33228.8,2785
363,06-16-2020,1745.3,76.25,33605.22,2930
364,06-17-2020,1744.3,76.29,33507.92,2907
365,06-18-2020,1739.9,76.4,34208.05,2956
366,06-19-2020,1761,76.26,34731.73,3023
367,06-22-2020,1774.2,75.79,34911.32,3064
368,06-23-2020,1789.8,75.503,35430.43,3066
369,06-24-2020,1784,75.665,34868.98,2893
370,06-25-2020,1779.7,75.587,34842.1,2947
371,06-26-2020,1789.8,75.62,35171.27,2906
372,06-29-2020,1790.6,75.51,34961.52,3000
373,06-30-2020,1810,75.545,34915.8,3015
374,07-01-2020,1790.8,75.49,35414.45,3003
375,07-02-2020,1801,74.75,35843.7,3024
376,07-06-2020,1804.9,74.635,36487.28,3043
377,07-07-2020,1821.7,74.81,36674.52,3063
378,07-08-2020,1834,74.945,36329.01,3073
379,07-09-2020,1817.6,75.155,36737.69,2986
380,07-10-2020,1815.6,75.195,36594.33,3043
381,07-13-2020,1827.8,75.212,36693.69,3055
382,07-14-2020,1825.5,75.406,36033.06,3035
383,07-15-2020,1826.1,75.125,36051.81,3094
384,07-16-2020,1811.7,75.18,36471.68,3065
385,07-17-2020,1820.9,74.898,37020.14,3053
386,07-20-2020,1827.4,74.75,37418.99,3060
387,07-21-2020,1853.8,74.54,37930.33,3124
388,07-22-2020,1876.7,74.61,37871.52,3135
389,07-23-2020,1902.2,74.815,38140.47,3116
390,07-24-2020,1910.1,74.76,38128.9,3072
391,07-27-2020,1941.4,74.8,37934.73,3117
392,07-28-2020,1952.8,74.909,38492.95,3077
393,07-29-2020,1965.3,74.948,38071.13,3092
394,07-30-2020,1966.8,74.876,37736.07,2992
395,07-31-2020,1985.9,74.918,37606.89,3023
396,08-03-2020,1986.3,75.185,36939.6,3103
397,08-04-2020,2021,75.061,37687.91,3151
398,08-05-2020,2049.3,74.798,37663.33,3161
399,08-06-2020,2069.4,74.9,38025.45,3152
400,08-07-2020,2028,75.025,38040.57,3095
401,08-10-2020,2039.7,74.875,38182.08,3161
402,08-11-2020,1946.3,74.62,38407.01,3131
403,08-12-2020,1949,74.795,38369.63,3178
404,08-13-2020,1970.4,74.812,38310.49,3159
405,08-14-2020,1949.8,74.903,37877.34,3131
406,08-17-2020,1998.7,74.744,38050.78,3194
407,08-18-2020,2013.1,74.575,38528.32,3193
408,08-19-2020,1970.3,74.847,38614.79,3202
409,08-20-2020,1946.5,75.013,38220.39,3211
410,08-21-2020,1947,74.922,38434.72,3155
411,08-24-2020,1939.2,74.169,38799.08,3166
412,08-25-2020,1923.1,74.223,38843.88,3226
413,08-26-2020,1952.5,74.222,39073.92,3235
414,08-27-2020,1932.6,73.904,39113.47,3172
415,08-28-2020,1974.9,73.115,39467.31,3149
416,08-31-2020,1978.6,73.257,38628.29,3145
417,09-01-2020,1978.9,73.004,38900.8,3145
418,09-02-2020,1944.7,73.269,39086.03,3059
419,09-03-2020,1937.8,73.391,38990.94,3044
420,09-04-2020,1934.3,73.291,38357.18,2903
421,09-08-2020,1943.2,73.75,38365.35,2705
422,09-09-2020,1954.9,73.31,38193.92,2804
423,09-10-2020,1964.3,73.44,38840.32,2765
424,09-11-2020,1947.9,73.44,38854.55,2743
425,09-14-2020,1963.7,73.385,38756.63,2748
426,09-15-2020,1966.2,73.61,39044.35,2828
427,09-16-2020,1970.5,73.545,39302.85,2940
428,09-17-2020,1949.9,73.61,38979.85,3024
429,09-18-2020,1962.1,73.54,38845.82,2993
430,09-21-2020,1910.6,73.58,38034.14,2857
431,09-22-2020,1907.6,73.52,37734.08,2920
432,09-23-2020,1868.4,73.58,37668.42,2947
433,09-24-2020,1876.9,73.91,36553.6,2973
434,09-25-2020,1866.3,73.685,37388.66,2969
435,09-28-2020,1882.3,73.765,37981.63,2989
436,09-29-2020,1910.4,73.76,37973.22,2877
437,09-30-2020,1902.6,73.57,38067.93,2934
438,10-01-2020,1923.4,73.218,38697.05,2837
439,10-05-2020,1927,73.117,38973.7,2899
440,10-06-2020,1915.8,73.441,39574.57,2972
441,10-07-2020,1897.7,73.335,39878.95,2916
442,10-08-2020,1902.7,73.3,40182.67,3025
443,10-09-2020,1933.6,73.02,40509.49,2960
444,10-12-2020,1936.3,73.364,40593.8,2889
445,10-13-2020,1902.2,73.41,40625.51,2958
446,10-14-2020,1915.1,73.255,40794.74,3004
447,10-15-2020,1916.6,73.435,39728.41,2994
448,10-16-2020,1914,73.444,39982.98,2995
449,10-19-2020,1919.3,73.36,40431.6,2998
450,10-20-2020,1922.9,73.45,40544.37,3045
451,10-21-2020,1936.9,73.6,40707.31,2950
452,10-22-2020,1912,73.67,40558.49,2998
453,10-23-2020,1912.7,73.842,40685.5,2939
454,10-26-2020,1913.2,73.97,40145.5,2846
455,10-27-2020,1919.3,73.624,40522.1,2934
456,10-28-2020,1886.6,74.19,39922.46,2772
457,10-29-2020,1875.2,74.38,39749.85,2698
458,10-30-2020,1887.2,74.567,39614.07,2642
459,11-02-2020,1899.7,74.51,39757.58,2731
460,11-03-2020,1917.4,74.625,40261.13,2820
461,11-04-2020,1903.1,74.368,40616.14,2897
462,11-05-2020,1953.8,73.925,41340.16,2871
463,11-06-2020,1959.1,73.976,41893.06,2766
464,11-09-2020,1860.6,74.035,42597.43,3001
465,11-10-2020,1883,74.29,43277.65,3058
466,11-11-2020,1868.1,74.462,43593.67,3124
467,11-12-2020,1880.2,74.685,43357.19,3123
468,11-13-2020,1893,74.582,43443,3007
469,11-17-2020,1891.3,74.48,43952.71,3049
470,11-18-2020,1879.2,74.12,44180.05,3124
471,11-19-2020,1866.9,74.11,43599.96,3078
472,11-20-2020,1878.2,74.12,43882.25,3129
473,11-23-2020,1844.1,74.26,44077.15,3195
474,11-24-2020,1810.9,74.079,44523.02,3333
475,11-25-2020,1811.2,73.789,43828.1,3400
476,11-27-2020,1792.1,73.935,44149.72,3364
477,12-01-2020,1822.8,73.5,44655.44,3287
478,12-02-2020,1833.9,73.77,44618.04,3359
479,12-03-2020,1844.7,73.87,44632.65,3385
480,12-04-2020,1844,73.776,45079.55,3407
481,12-07-2020,1870.1,73.779,45426.97,3426
482,12-08-2020,1879.1,73.725,45608.51,3371
483,12-09-2020,1842.6,73.73,46103.5,3377
484,12-10-2020,1841.5,73.745,45959.88,3477
485,12-11-2020,1847.6,73.738,46099.01,3439
486,12-14-2020,1836.1,73.64,46253.46,3435
487,12-15-2020,1859.4,73.558,46263.17,3490
488,12-16-2020,1863,73.64,46666.46,3520
489,12-17-2020,1894.5,73.525,46890.34,3547
490,12-18-2020,1893,73.575,46960.69,3596
491,12-21-2020,1887,74.028,45553.96,3529
492,12-22-2020,1874.5,73.854,46006.69,3484
493,12-23-2020,1882.3,73.78,46444.18,3566
494,12-24-2020,1887.4,73.555,46973.54,3554
495,12-28-2020,1884.8,73.548,47353.75,3540
496,12-29-2020,1887.3,73.405,47613.08,3527
497,12-30-2020,1897.8,73.144,47746.22,3518
498,12-31-2020,1899.6,73.054,47751.33,3524
499,01-04-2021,1951.1,73.08,48176.8,3494
500,01-05-2021,1958.8,73.13,48437.78,3664
501,01-06-2021,1913,73.136,48174.06,3721
502,01-07-2021,1918,73.43,48093.32,3738
503,01-08-2021,1839.7,73.34,48782.51,3802
504,01-11-2021,1854.9,73.474,49269.32,3847
505,01-12-2021,1848.2,73.225,49517.11,3886
506,01-13-2021,1858.8,73.17,49492.32,3871
507,01-14-2021,1855.4,73.08,49584.16,3899
508,01-15-2021,1833.7,73.13,49034.67,3825
509,01-19-2021,1844,73.192,49398.29,3872
510,01-20-2021,1870.2,72.915,49792.12,3910
511,01-21-2021,1869.3,72.97,49624.76,3894
512,01-22-2021,1859.9,72.985,48878.54,3835
513,01-25-2021,1859,72.97,48347.59,3839
514,01-27-2021,1848.9,73.07,47409.93,3893
515,01-28-2021,1843.7,72.944,46874.36,3827
516,01-29-2021,1852.7,72.906,46285.77,3820
517,02-01-2021,1866,73.12,48600.61,3905
518,02-02-2021,1835.8,72.917,49797.72,4005
519,02-03-2021,1837.6,72.815,50255.75,4070
520,02-04-2021,1793.8,72.955,50614.29,4110
521,02-05-2021,1815.6,72.815,50731.63,4141
522,02-08-2021,1836.8,72.935,51348.77,4231
523,02-09-2021,1840.2,72.856,51329.08,4257
524,02-10-2021,1845.6,72.795,51309.39,4285
525,02-11-2021,1829.8,72.71,51531.52,4241
526,02-12-2021,1826,72.595,51544.3,4325
527,02-16-2021,1801.9,72.87,52104.17,4364
528,02-17-2021,1775.8,72.835,51703.83,4414
529,02-18-2021,1778,72.585,51324.69,4410
530,02-19-2021,1780.3,72.56,50889.76,4298
531,02-22-2021,1811.2,72.45,49744.32,4435
532,02-23-2021,1808.6,72.382,49751.41,4475
533,02-24-2021,1800.8,72.39,50781.69,4568
534,02-25-2021,1778.4,72.745,51039.31,4622
535,02-26-2021,1731.6,73.937,49099.99,4604
536,03-01-2021,1725.8,73.405,49849.84,4451
537,03-02-2021,1736.5,73.26,50296.89,4468
538,03-03-2021,1718.7,72.94,51444.65,4525
539,03-04-2021,1703.7,72.739,50846.08,4707
540,03-05-2021,1701.6,73.19,50405.32,4844
541,03-08-2021,1680.8,73.36,50441.07,4769
542,03-09-2021,1719.7,72.776,51025.48,4680
543,03-10-2021,1724.5,72.73,51279.51,4645
544,03-12-2021,1722.4,72.69,50792.08,4797
545,03-15-2021,1731.8,72.535,50395.08,4745
546,03-16-2021,1733.2,72.515,50363.96,4704
547,03-17-2021,1729.2,72.57,49801.62,4664
548,03-18-2021,1734.6,72.7,49216.52,4434
549,03-19-2021,1743.9,72.413,49858.24,4435
550,03-22-2021,1740.4,72.38,49771.29,4477
551,03-23-2021,1727.5,72.555,50051.44,4233
552,03-24-2021,1735.5,72.595,49180.31,4447
553,03-25-2021,1727.3,72.665,48440.12,4255
554,03-26-2021,1734.7,72.615,49008.5,4456
555,03-30-2021,1687.9,73.445,50136.58,4455
556,03-31-2021,1717.5,73.148,49509.15,4384
557,04-01-2021,1730.3,73.332,50029.83,4514
558,04-05-2021,1730.7,73.319,49159.32,4281
559,04-06-2021,1745,73.49,49201.39,4367
560,04-07-2021,1743.6,74.368,49661.76,4444
561,04-08-2021,1760.3,74.577,49746.21,4438
562,04-09-2021,1746.8,74.734,49591.32,4434
563,04-12-2021,1734.6,74.99,47883.38,4478
564,04-13-2021,1749.5,75.27,48544.06,4528
565,04-15-2021,1768.8,74.73,48803.68,4742
566,04-16-2021,1782.2,74.54,48832.03,4721
567,04-19-2021,1772.7,74.86,47949.42,4748
568,04-20-2021,1780.4,75.395,47705.8,4726
569,04-22-2021,1784,75.12,48080.67,4625
570,04-23-2021,1779.9,74.93,47878.45,4652
571,04-26-2021,1782.3,74.757,48386.51,4658
572,04-27-2021,1781,74.59,48944.14,4676
573,04-28-2021,1776.1,74.493,49733.84,4778
574,04-29-2021,1770.5,74.1,49765.94,4817
575,04-30-2021,1769.8,74.055,48782.36,4723
576,05-03-2021,1794,73.82,48718.52,4783
577,05-04-2021,1778.2,73.77,48253.51,4842
578,05-05-2021,1786.5,73.81,48677.55,4826
579,05-06-2021,1817.9,73.605,48949.76,4790
580,05-07-2021,1833.5,73.254,49206.47,4763
581,05-10-2021,1839.8,73.46,49502.41,4778
582,05-11-2021,1838.1,73.375,49161.81,4800
583,05-12-2021,1824.8,73.538,48690.8,4884
584,05-14-2021,1840,73.3,48732.55,4786
585,05-17-2021,1869.6,73.335,49580.73,4859
586,05-18-2021,1870.1,73.055,50193.33,4774
587,05-19-2021,1883.4,73.22,49902.64,4632
588,05-20-2021,1883.9,73.015,49564.86,4550
589,05-21-2021,1878.9,72.827,50540.48,4659
590,05-24-2021,1886.7,72.835,50651.9,4825
591,05-25-2021,1900.5,72.795,50637.53,4833
592,05-26-2021,1903.8,72.725,51017.52,4823
593,05-27-2021,1900.1,72.71,51115.22,4851
594,05-28-2021,1906.9,72.41,51422.88,4855
595,06-01-2021,1906.9,72.865,51934.88,4943
596,06-02-2021,1911.7,72.96,51849.48,5026
597,06-03-2021,1875.2,73.045,52232.43,5011
598,06-04-2021,1893.8,72.87,52100.05,5071
599,06-07-2021,1900.6,72.811,52328.51,5048
600,06-08-2021,1896.4,72.955,52275.57,5089
601,06-09-2021,1897.5,72.985,51941.64,5090
602,06-10-2021,1898.3,73.08,52300.47,5120
603,06-11-2021,1881.7,73.245,52474.76,5202
604,06-14-2021,1867.9,73.185,52551.53,5191
605,06-15-2021,1858.4,73.36,52773.05,5280
606,06-16-2021,1863.4,73.275,52501.98,5277
607,06-17-2021,1776.7,74.186,52323.33,5242
608,06-18-2021,1770.9,74.12,52344.45,5301
609,06-21-2021,1784.8,74.14,52574.46,5468
610,06-22-2021,1779.3,74.34,52588.71,5418
611,06-23-2021,1785.3,74.15,52306.08,5440
612,06-24-2021,1778.7,74.19,52699,5437
613,06-25-2021,1779.8,74.22,52925.04,5503
614,06-28-2021,1782.7,74.275,52735.59,5414
615,06-29-2021,1765.4,74.3,52549.66,5427
616,06-30-2021,1773.5,74.365,52482.71,5492
617,07-01-2021,1778.5,74.565,52318.6,5607
618,07-02-2021,1785.2,74.518,52484.67,5597
619,07-06-2021,1795.9,74.591,52861.18,5497
620,07-07-2021,1803.9,74.8,53054.76,5392
621,07-08-2021,1801.9,74.74,52568.94,5423
622,07-09-2021,1812.1,74.487,52386.19,5554
623,07-12-2021,1807.6,74.545,52372.69,5498
624,07-13-2021,1811.7,74.6,52769.73,5609
625,07-14-2021,1826.7,74.47,52904.05,5451
626,07-15-2021,1830.8,74.55,53158.85,5381
627,07-16-2021,1816.7,74.61,53140.06,5376
628,07-19-2021,1810.9,74.858,52553.4,4964
629,07-20-2021,1813.1,74.535,52198.51,5012
630,07-22-2021,1807.1,74.455,52837.21,5343
631,07-23-2021,1803.6,74.427,52975.8,5369
632,07-26-2021,1801.1,74.34,52852.27,5356
633,07-27-2021,1801.7,74.504,52578.76,5334
634,07-28-2021,1801.8,74.5,52443.71,5403
635,07-29-2021,1835.8,74.248,52653.07,5447
636,07-30-2021,1817.2,74.344,52586.84,5517
637,08-02-2021,1822.2,74.356,52950.63,5298
638,08-03-2021,1814.1,74.251,53823.36,5238
639,08-04-2021,1814.5,74.175,54369.77,5082
640,08-05-2021,1808.9,74.1,54492.84,5122
641,08-06-2021,1763.1,74.242,54277.72,5096
642,08-09-2021,1726.5,74.488,54402.85,4954
643,08-10-2021,1731.7,74.435,54554.66,5112
644,08-11-2021,1753.3,74.263,54525.93,5146
645,08-12-2021,1751.8,74.315,54843.98,5138
646,08-13-2021,1778.2,74.242,55437.29,5081
647,08-16-2021,1789.8,74.17,55582.58,5006
648,08-17-2021,1787.8,74.375,55792.27,4956
649,08-18-2021,1784.4,74.29,55629.49,4872
650,08-20-2021,1784,74.352,55329.32,4640
651,08-23-2021,1806.3,74.135,55555.79,4887
652,08-24-2021,1808.5,74.136,55958.98,5021
653,08-25-2021,1791,74.12,55944.21,5057
654,08-26-2021,1795.2,74.155,55949.1,5044
655,08-27-2021,1819.5,73.475,56124.72,5062
656,08-30-2021,1812.2,73.299,56889.76,5071
657,08-31-2021,1818.1,72.951,57552.39,5026
658,09-01-2021,1816,72.995,57338.21,4993
659,09-02-2021,1811.5,73.006,57852.54,5136
660,09-03-2021,1833.7,72.997,58129.95,5062
661,09-07-2021,1798.5,73.442,58279.48,5013
662,09-08-2021,1793.5,73.796,58250.26,5095
663,09-09-2021,1800,73.546,58305.07,4996
664,09-13-2021,1794.4,73.565,58177.76,5181
665,09-14-2021,1807.1,73.647,58247.09,5178
666,09-15-2021,1794.8,73.445,58723.2,5335
667,09-16-2021,1756.7,73.575,59141.16,5351
668,09-17-2021,1751.4,73.645,59015.89,5281
669,09-20-2021,1763.8,73.653,58490.93,5200
670,09-21-2021,1778.2,73.745,59005.27,5208
671,09-22-2021,1778.8,73.825,58927.33,5324
672,09-23-2021,1749.8,73.81,59885.36,5425
673,09-24-2021,1751.7,73.821,60048.47,5467
674,09-27-2021,1752,73.825,60077.88,5579
675,09-28-2021,1737.5,74.2,59667.6,5587
676,09-29-2021,1724.9,74.298,59413.27,5576
677,09-30-2021,1758.5,74.17,59126.36,5571
678,10-01-2021,1760.1,74.15,58765.58,5616
679,10-04-2021,1769.4,74.588,59299.32,5825
680,10-05-2021,1762.8,74.565,59744.88,5895
681,10-06-2021,1763.7,74.778,59189.73,5816
682,10-07-2021,1761.1,74.825,59677.83,5860
683,10-08-2021,1759.4,75.131,60059.06,5941
684,10-11-2021,1757.7,75.403,60135.78,6107
685,10-12-2021,1761.2,75.488,60284.31,6094
686,10-13-2021,1796.7,75.306,60737.05,6062
687,10-14-2021,1799.8,74.995,61305.95,6098
688,10-18-2021,1767.6,75.21,61765.59,6176
689,10-19-2021,1772.4,75.12,61716.05,6287
690,10-20-2021,1786.8,74.81,61259.96,6219
691,10-21-2021,1783.8,74.889,60923.5,6142
692,10-22-2021,1798.3,74.999,60821.62,6283
693,10-25-2021,1808.8,75.022,60967.05,6311
694,10-26-2021,1795.4,74.942,61350.26,6360
695,10-27-2021,1800.8,75.069,61143.33,6220
696,10-28-2021,1804.7,74.788,59984.7,6184
697,10-29-2021,1785.9,74.935,59306.93,6264
698,11-01-2021,1797.9,74.837,60138.46,6293
699,11-02-2021,1791.5,74.695,60029.06,6253
700,11-03-2021,1766,74.452,59771.92,6053
701,11-04-2021,1795.6,74.548,60067.62,6193
702,11-08-2021,1830.2,73.921,60545.61,6058
703,11-09-2021,1832.9,74.175,60433.45,6206
704,11-10-2021,1850.6,74.415,60352.82,6072
705,11-11-2021,1866.3,74.312,59919.69,6025
706,11-12-2021,1870.8,74.347,60686.69,6015
707,11-15-2021,1869.2,74.404,60718.71,5963
708,11-16-2021,1856.7,74.457,60322.37,6037
709,11-17-2021,1872.8,74.255,60008.33,5827
710,11-18-2021,1864,74.165,59636.01,5846
711,11-22-2021,1809.1,74.445,58465.89,5710
712,11-23-2021,1786.3,74.447,58664.33,5883
713,11-24-2021,1786.9,74.622,58340.99,5861
714,11-26-2021,1788.1,75.065,57107.15,5186
715,11-29-2021,1787.1,75.05,57260.58,5343
716,11-30-2021,1778.3,75.1,57064.87,4896
717,12-01-2021,1786.3,75.021,57684.79,5006
718,12-02-2021,1764.7,74.989,58461.29,4967
719,12-03-2021,1785.8,75.241,57696.46,5032
720,12-06-2021,1781.5,75.395,56747.14,5199
721,12-07-2021,1786.8,75.409,57633.65,5470
722,12-08-2021,1787.6,75.384,58649.68,5468
723,12-09-2021,1778.9,75.599,58807.13,5406
724,12-10-2021,1787,75.718,58786.67,5408
725,12-13-2021,1790.6,75.77,58283.42,5438
726,12-14-2021,1774.7,76.045,58117.09,5348
727,12-15-2021,1766.9,76.355,57788.03,5394
728,12-16-2021,1800.7,76.184,57901.14,5522
729,12-17-2021,1807.3,76.013,57011.74,5400
730,12-20-2021,1796.9,75.73,55822.01,5148
731,12-21-2021,1791.1,75.705,56319.01,5421
732,12-22-2021,1804.6,75.46,56930.56,5468
733,12-23-2021,1814,75.035,57315.28,5536
734,12-27-2021,1811.1,74.98,57420.24,5673
735,12-28-2021,1813.3,74.715,57897.48,5683
736,12-29-2021,1808.2,74.57,57806.49,5703
737,12-30-2021,1816.6,74.415,57794.32,5735
738,12-31-2021,1831,74.486,58253.82,5625
739,01-03-2022,1802.4,74.4,59183.22,5677
740,01-04-2022,1817,74.53,59855.93,5761
741,01-05-2022,1827.5,74.285,60223.15,5828
742,01-06-2022,1791.5,74.385,59601.84,5899
743,01-07-2022,1799.9,74.278,59744.65,5846
744,01-10-2022,1801.3,74.025,60395.63,5795
745,01-11-2022,1821,73.817,60616.89,6004
746,01-12-2022,1829.8,73.797,61150.04,6113
747,01-13-2022,1823.9,73.972,61235.3,6081
748,01-14-2022,1819,74.156,61223.03,6218
749,01-18-2022,1814.9,74.565,60754.86,6332
750,01-19-2022,1845.5,74.455,60098.82,6478
751,01-20-2022,1844.9,74.468,59464.62,6397
752,01-21-2022,1834.1,74.409,59037.18,6319
753,01-24-2022,1844.2,74.642,57491.51,6240
754,01-25-2022,1855,74.787,57858.15,6378
755,01-27-2022,1795,75.209,57276.94,6555
756,01-28-2022,1789.3,75.046,57200.23,6543
757,01-31-2022,1799.2,74.556,58014.17,6561
758,02-01-2022,1804.3,74.751,58862.57,6569
759,02-02-2022,1813.2,74.823,59558.33,6577
760,02-03-2022,1807,74.644,58788.02,6641
761,02-04-2022,1810.8,74.645,58644.82,6902
762,02-07-2022,1824.7,74.655,57621.19,6800
763,02-08-2022,1831,74.719,57808.58,6700
764,02-09-2022,1839.7,74.808,58465.97,6675
765,02-10-2022,1840.7,75.102,58926.03,6799
766,02-11-2022,1845.5,75.348,58152.92,6921
767,02-14-2022,1872.8,75.686,56405.84,7108
768,02-15-2022,1859.6,75.177,58142.05,6891
769,02-16-2022,1874.9,75.05,57996.68,7047
770,02-17-2022,1905.3,75.105,57892.01,6841
771,02-18-2022,1903.1,74.687,57832.97,6844
772,02-22-2022,1910.7,74.63,57300.68,6917
773,02-23-2022,1913.7,74.64,57232.06,6879
774,02-24-2022,1929.4,75.615,54529.91,7275
775,02-25-2022,1890.8,75.075,55858.52,6839
776,02-28-2022,1904,75.52,56247.28,7291
777,03-02-2022,1925.6,75.638,55468.9,8243
778,03-03-2022,1939.3,75.971,55102.68,8340
779,03-04-2022,1969.9,76.425,54333.81,8580
780,03-07-2022,1999.2,76.975,52842.75,9284
781,03-08-2022,2046.7,76.905,53424.09,9438
782,03-09-2022,1991.7,76.382,54647.33,8513
783,03-10-2022,2004.5,76.31,55464.39,8154
784,03-11-2022,1989.4,76.511,55550.3,8335
785,03-14-2022,1965.5,76.45,56486.02,7829
786,03-15-2022,1934.7,76.42,55776.85,7381
787,03-16-2022,1914.3,76.2,56816.65,7296
788,03-17-2022,1948.2,75.937,57863.93,7771
789,03-21-2022,1934.8,76.285,57292.49,8390
790,03-22-2022,1926.7,76.159,57989.3,8409
791,03-23-2022,1942.6,76.53,57684.82,8731
792,03-24-2022,1967.7,76.305,57595.68,8666
793,03-25-2022,1959.8,76.285,57362.2,8618
794,03-28-2022,1944.7,76.09,57593.49,8137
795,03-29-2022,1918,75.666,57943.65,7910
796,03-30-2022,1944.1,75.823,58683.99,8115
797,03-31-2022,1959.5,75.928,58568.51,7766
798,04-01-2022,1929.2,75.995,59276.69,7559
799,04-04-2022,1939.7,75.451,60611.74,7715
800,04-05-2022,1933.5,75.465,60176.5,7785
801,04-06-2022,1929.3,75.947,59610.41,7394
802,04-07-2022,1944.2,75.913,59034.95,7278
803,04-08-2022,1952.2,75.96,59447.18,7378
804,04-11-2022,1955,75.836,58964.57,7176
805,04-12-2022,1983,76.082,58576.37,7644
806,04-13-2022,1991.5,76.122,58338.93,7908
807,04-18-2022,1993.3,76.284,57166.74,8337
808,04-19-2022,1965.8,76.445,56463.15,7861
809,04-20-2022,1962.3,76.269,57037.5,7857
810,04-21-2022,1955,76.262,57911.68,7865
811,04-22-2022,1941.4,76.475,57197.15,7824
812,04-25-2022,1903,76.748,56579.89,7449
813,04-26-2022,1911.1,76.68,57356.61,7869
814,04-27-2022,1895.6,76.632,56819.39,7787
815,04-28-2022,1898.3,76.67,57521.06,8037
816,04-29-2022,1918.6,76.535,57060.87,8117
817,05-02-2022,1870.6,76.485,56975.99,8059
818,05-04-2022,1876.2,76.282,55669.03,8225
819,05-05-2022,1883,76.514,55702.23,8265
820,05-06-2022,1890.2,76.979,54835.58,8447
821,05-09-2022,1865.9,77.365,54470.67,7979
822,05-10-2022,1848.4,77.225,54364.85,7754
823,05-11-2022,1861,77.425,54088.39,8155
824,05-12-2022,1831.6,77.435,52930.31,8174
825,05-13-2022,1814.8,77.48,52793.62,8511
826,05-16-2022,1820.4,77.833,52973.84,8873
827,05-17-2022,1825.4,77.476,54318.47,8849
828,05-18-2022,1822.4,77.81,54208.53,8510
829,05-19-2022,1847.8,77.415,52792.23,8619
830,05-20-2022,1848.4,77.865,54326.39,8618
831,05-23-2022,1853.9,77.545,54288.61,8543
832,05-24-2022,1871.4,77.475,54052.61,8512
833,05-25-2022,1852.5,77.531,53749.26,8549
834,05-26-2022,1853.9,77.636,54252.53,8872
835,05-27-2022,1865,77.624,54884.66,8897
836,05-31-2022,1856.3,77.598,55566.41,9026
837,06-01-2022,1856.7,77.56,55381.17,9013
838,06-02-2022,1879.4,77.399,55818.11,9045
839,06-03-2022,1858.3,77.615,55769.23,9235
840,06-06-2022,1851.9,77.814,55675.32,9225
841,06-07-2022,1860.5,77.664,55107.34,9169
842,06-08-2022,1865,77.709,54892.49,9524
843,06-09-2022,1861.2,77.815,55320.28,9473
844,06-10-2022,1883.9,78.144,54303.44,9399
845,06-13-2022,1840.2,78.104,52846.7,9443
846,06-14-2022,1822.4,78.022,52693.57,9398
847,06-15-2022,1828.6,78.171,52541.39,9148
848,06-16-2022,1858.9,77.977,51495.79,9164
849,06-17-2022,1849.6,77.952,51360.42,8530
850,06-21-2022,1847.8,78.133,52532.07,8556
851,06-22-2022,1847.4,78.18,51822.53,8351
852,06-23-2022,1838.6,78.145,52265.72,8222
853,06-24-2022,1839.3,78.255,52727.98,8384
854,06-27-2022,1833.9,78.44,53161.28,8638
855,06-28-2022,1830.3,78.995,53177.45,8812
856,06-29-2022,1826.5,78.945,53026.97,8774
857,06-30-2022,1816.3,78.965,53018.94,8387
858,07-01-2022,1810.4,78.956,52907.93,8605
859,07-05-2022,1772.8,79.298,53134.35,7781
860,07-06-2022,1745.1,79.047,53750.97,7766
861,07-07-2022,1748.3,79.175,54178.46,8195
862,07-08-2022,1750.9,79.29,54481.84,8314
863,07-11-2022,1740.3,79.435,54395.23,8254
864,07-12-2022,1733.4,79.465,53886.61,7664
865,07-13-2022,1744,79.68,53514.15,7672
866,07-14-2022,1714.5,79.915,53416.15,7595
867,07-15-2022,1711.6,79.785,53760.78,7813
868,07-18-2022,1717.7,80.015,54521.15,8135
869,07-19-2022,1718,79.865,54767.62,8311
870,07-20-2022,1707.7,80.005,55397.53,8009
871,07-21-2022,1721.1,79.875,55681.95,7778
872,07-22-2022,1735,79.845,56072.23,7660
873,07-25-2022,1727.1,79.719,55766.22,7713
874,07-26-2022,1726,79.862,55268.49,7665
875,07-27-2022,1728,79.86,55816.32,7823
876,07-28-2022,1769.2,79.638,56857.79,7716
877,07-29-2022,1781.8,79.351,57570.25,7842
878,08-01-2022,1787.7,78.971,58115.5,7426
879,08-02-2022,1789.7,78.605,58136.36,7518
880,08-03-2022,1776.4,79.118,58350.53,7261
881,08-04-2022,1806.9,79.165,58298.8,7034
882,08-05-2022,1791.2,79.365,58387.93,7086
883,08-08-2022,1805.2,79.591,58853.07,7185
884,08-10-2022,1813.7,79.095,58817.29,7289
885,08-11-2022,1807.2,79.585,59332.6,7526
886,08-12-2022,1815.5,79.651,59462.78,7359
887,08-16-2022,1789.7,79.256,59842.21,6870
888,08-17-2022,1776.7,79.36,60260.13,6996
889,08-18-2022,1771.2,79.76,60298,7282
890,08-19-2022,1762.9,79.925,59646.15,7221
891,08-22-2022,1748.4,79.855,58773.87,7162
892,08-23-2022,1761.2,79.857,59031.3,7502
893,08-24-2022,1761.5,79.797,59085.43,7536
894,08-25-2022,1771.4,79.88,58774.72,7470
895,08-26-2022,1749.8,79.971,58833.87,7414
896,08-29-2022,1749.7,79.971,57972.62,7737
897,08-30-2022,1736.3,79.683,59537.07,7336
898,09-01-2022,1709.3,79.701,58766.59,6927
899,09-02-2022,1722.6,79.722,58803.33,6967
900,09-05-2022,1724.8,79.791,59245.98,7119
901,09-06-2022,1712.9,79.895,59196.99,6933
902,09-07-2022,1727.8,79.65,59028.91,6610
903,09-08-2022,1720.2,79.69,59688.22,6699
904,09-09-2022,1728.6,79.655,59793.14,6909
905,09-12-2022,1740.6,79.355,60115.13,6975
906,09-13-2022,1717.4,79.602,60571.08,6928
907,09-14-2022,1709.1,79.459,60346.97,7114
908,09-15-2022,1677.3,79.849,59934.01,6831
909,09-16-2022,1683.5,79.698,58840.79,6816
910,09-19-2022,1678.2,79.713,59141.23,6806
911,09-20-2022,1671.1,79.769,59719.74,6744
912,09-21-2022,1675.7,79.936,59456.78,6742
913,09-22-2022,1681.1,81.062,59119.72,6807
914,09-23-2022,1655.6,81.255,58098.92,6426
915,09-26-2022,1633.4,81.625,57145.22,6334
916,09-27-2022,1636.2,81.727,57107.52,6473
917,09-28-2022,1670,81.431,56598.28,6685
918,09-29-2022,1681.6,81.489,56409.96,6700
919,09-30-2022,1684.9,81.522,57426.92,6539
920,10-03-2022,1714.9,81.509,56788.81,6817
921,10-04-2022,1743.7,81.478,58065.47,7058
922,10-06-2022,1734.3,82.088,58222.1,7266
923,10-07-2022,1722.8,82.832,58191.29,7627
924,10-10-2022,1688.8,82.385,57991.11,7597
925,10-11-2022,1699.5,82.273,57147.32,7367
926,10-12-2022,1691.1,82.177,57625.91,7194
927,10-13-2022,1690.8,82.192,57235.33,7353
928,10-14-2022,1662.8,82.367,57919.97,7071
929,10-17-2022,1677.8,82.189,58410.98,7080
930,10-18-2022,1669.6,82.298,58960.6,6888
931,10-19-2022,1648,83.02,59107.19,7033
932,10-20-2022,1650.7,82.825,59202.9,7091
933,10-21-2022,1670.2,82.541,59307.15,7043
934,10-24-2022,1668.1,82.761,59831.66,7047
935,10-25-2022,1672.2,82.523,59543.96,7051
936,10-27-2022,1680,82.393,59756.84,7362
937,10-28-2022,1659.1,82.268,59959.85,7213
938,10-31-2022,1654.9,82.78,60746.59,7101
939,11-01-2022,1663.8,82.66,61121.35,7314
940,11-02-2022,1664.1,82.739,60906.09,7435
941,11-03-2022,1644.9,82.738,60836.41,7341
942,11-04-2022,1690.6,81.982,60950.36,7556
943,11-07-2022,1694.5,81.832,61185.15,7565
944,11-09-2022,1727.8,81.355,61033.55,7064
945,11-10-2022,1767.8,80.64,60613.7,7031
946,11-11-2022,1783.5,80.505,61795.04,7124
947,11-14-2022,1790.8,80.992,61624.15,6981
948,11-15-2022,1791.6,81.091,61872.99,7057
949,11-16-2022,1791,81.495,61980.72,6947
950,11-17-2022,1777.8,81.54,61750.6,6692
951,11-18-2022,1769,81.644,61663.48,6449
952,11-21-2022,1754.6,81.728,61144.84,6581
953,11-22-2022,1754.8,81.719,61418.96,6720
954,11-23-2022,1760.4,81.633,61510.58,6389
955,11-24-2022,1770.2,81.642,62272.68,6420
956,11-25-2022,1768.8,81.713,62293.64,6311
957,11-28-2022,1755.3,81.65,62504.8,6340
958,11-29-2022,1778.7,81.626,62681.84,6422
959,11-30-2022,1775.1,81.374,63099.65,6571
960,12-01-2022,1830.3,81.13,63284.19,6673
961,12-02-2022,1824.7,81.438,62868.5,6548
962,12-05-2022,1796.5,81.9,62834.6,6415
963,12-06-2022,1797.6,82.49,62626.36,6153
964,12-07-2022,1813.2,82.216,62410.68,6026
965,12-08-2022,1816.7,82.29,62570.68,5968
966,12-09-2022,1825.9,82.42,62181.67,5876
967,12-12-2022,1807.4,82.647,62130.57,6088
968,12-13-2022,1840.5,82.403,62533.3,6254
969,12-14-2022,1833.8,82.495,62677.91,6402
970,12-15-2022,1803.1,82.862,61799.03,6386
971,12-16-2022,1815.6,82.733,61337.81,6165
972,12-19-2022,1813,82.677,61806.19,6252
973,12-20-2022,1840.8,82.61,61702.29,6319
974,12-21-2022,1840.9,82.885,61067.24,6506
975,12-22-2022,1810.8,82.985,60826.22,6435
976,12-23-2022,1819.8,82.79,59845.29,6621
977,12-26-2022,1825,82.665,60566.42,6652
978,12-27-2022,1838.8,82.835,60927.43,6689
979,12-28-2022,1831.5,82.763,60910.28,6516
980,12-29-2022,1841.9,82.787,61133.88,6473
981,12-30-2022,1842.2,82.745,60840.74,6555
982,01-02-2023,1850.7,82.773,61167.79,6608
983,01-03-2023,1862.1,82.779,61294.2,6475
984,01-04-2023,1875,82.667,60657.45,6122
985,01-05-2023,1856.7,82.596,60353.27,6148
986,01-06-2023,1885.9,82.275,59900.37,6149
987,01-09-2023,1894.2,82.18,60747.31,6192
988,01-10-2023,1893,81.63,60115.48,6177
989,01-11-2023,1895.5,81.642,60105.5,6330
990,01-12-2023,1915.5,81.11,59958.03,6391
991,01-13-2023,1938.5,81.285,60261.18,6462
992,01-16-2023,1937.3,81.656,60092.97,6455
993,01-17-2023,1926.7,81.635,60655.72,6517
994,01-18-2023,1923.8,81.445,61045.74,6510
995,01-19-2023,1940.6,81.245,60858.43,6550
996,01-20-2023,1944.9,80.984,60621.77,6620
997,01-23-2023,1945.4,81.483,60941.67,6705
998,01-24-2023,1952.2,81.599,60978.75,6562
999,01-25-2023,1959.4,81.519,60205.06,6533
1000,01-27-2023,1945.6,81.515,59330.9,6506
1001,01-30-2023,1956,81.525,59500.41,6418
1002,01-31-2023,1962.2,81.769,59549.9,6463
1003,02-01-2023,1959.7,81.757,59708.08,6281
1004,02-02-2023,1947.6,82.044,59932.24,6317
1005,02-03-2023,1893.3,82.233,60841.88,6097
1006,02-06-2023,1896.1,82.75,60506.9,6131
1007,02-07-2023,1901.5,82.87,60286.04,6363
1008,02-08-2023,1907.7,82.655,60663.79,6472
1009,02-09-2023,1895.3,82.54,60806.22,6422
1010,02-10-2023,1891.2,82.52,60682.7,6556
1011,02-13-2023,1880.1,82.597,60431.84,6646
1012,02-14-2023,1882.1,82.915,61032.26,6566
1013,02-15-2023,1862,82.765,61275.09,6485
1014,02-16-2023,1868.6,82.715,61319.51,6500
1015,02-17-2023,1866.9,82.765,61002.57,6261
1016,02-20-2023,1867.3,82.721,60691.54,6426
1017,02-21-2023,1859.2,82.849,60672.72,6385
1018,02-22-2023,1858.3,82.835,59744.98,6174
1019,02-23-2023,1843.6,82.618,59605.8,6257
1020,02-24-2023,1833.9,82.925,59463.93,6342
1021,02-27-2023,1841.6,82.652,59288.35,6273
1022,02-28-2023,1853.2,82.645,58962.12,6404
1023,03-01-2023,1862.1,82.435,59411.08,6359
1024,03-02-2023,1857.3,82.355,58909.35,6437
1025,03-03-2023,1871.4,81.71,59808.97,6503
1026,03-06-2023,1871.4,81.815,60224.46,6558
1027,03-08-2023,1835.6,81.955,60348.09,6305
1028,03-09-2023,1851.5,82.025,59806.28,6277
1029,03-10-2023,1884,81.965,59135.13,6299
1030,03-13-2023,1933,82.263,58237.85,6167
1031,03-14-2023,1927.4,82.26,57900.19,5983
1032,03-15-2023,1948.1,82.907,57555.9,5564
1033,03-16-2023,1939.7,82.625,57634.84,5695
1034,03-17-2023,1990.2,82.54,57989.9,5529
1035,03-20-2023,1999.7,82.53,57628.95,5463
1036,03-21-2023,1958.3,82.704,58074.68,5775
1037,03-22-2023,1966.6,82.525,58214.59,5839
1038,03-23-2023,2013.3,82.265,57925.28,5790
1039,03-24-2023,2001.7,82.339,57527.1,5728
1040,03-27-2023,1971.5,82.2,57653.86,5978
1041,03-28-2023,1990.4,82.2,57613.72,6058
1042,03-29-2023,1984.5,82.206,57960.09,6017
1043,03-31-2023,2004.1,82.185,58991.52,6199
1044,04-03-2023,2018.5,82.205,59106.44,6612
1045,04-05-2023,2053.6,81.945,59689.31,6605
1046,04-06-2023,2044.4,81.84,59832.97,6593
1047,04-10-2023,2021.8,81.985,59846.51,6568
1048,04-11-2023,2037.3,82.07,60157.72,6682
1049,04-12-2023,2043.3,81.96,60392.77,6815
1050,04-13-2023,2073.8,81.675,60431,6735
1051,04-17-2023,2025.7,82.005,59910.75,6632
1052,04-18-2023,2038.5,82.105,59727.01,6679
1053,04-19-2023,2025.9,82.28,59567.8,6547
1054,04-20-2023,2037.9,82.14,59632.35,6386
1055,04-21-2023,2009.2,82.055,59655.06,6398
1056,04-24-2023,2018.6,81.96,60056.1,6487
1057,04-25-2023,2023.5,81.99,60130.71,6335
1058,04-26-2023,2014.9,81.76,60300.58,6235
1059,04-27-2023,2017.9,81.715,60649.38,6140
1060,04-28-2023,2018.3,81.745,61112.44,6286
1061,05-02-2023,2042.5,81.77,61354.71,5905
1062,05-03-2023,2056.2,81.78,61193.3,5647
1063,05-04-2023,2075,81.725,61749.25,5689
1064,05-05-2023,2044.2,81.725,61054.29,5841
1065,05-08-2023,2052.8,81.78,61764.25,6009
1066,05-09-2023,2062.4,82.125,61761.33,6039
1067,05-10-2023,2056.5,81.925,61940.2,5931
1068,05-11-2023,2039.9,82.1,61904.52,5843
1069,05-12-2023,2039.1,82.201,62027.9,5773
1070,05-15-2023,2042.1,82.267,62345.71,5863
1071,05-16-2023,2012.2,82.291,61932.47,5834
1072,05-17-2023,2003.7,82.405,61560.64,6014
1073,05-18-2023,1978.3,82.725,61431.74,5930
1074,05-19-2023,2000.3,82.905,61729.68,5882
1075,05-22-2023,1995.7,82.845,61963.68,6017
1076,05-23-2023,1992.8,82.835,61981.79,6092
1077,05-24-2023,1983.1,82.675,61773.78,6111
1078,05-25-2023,1962.3,82.742,61872.62,5946
1079,05-26-2023,1963.1,82.575,62501.69,6004
1080,05-29-2023,1979.5,82.614,62846.38,6036
1081,05-30-2023,1996.7,82.692,62969.13,5756
1082,05-31-2023,2001.7,82.69,62622.24,5690
1083,06-01-2023,2015.1,82.277,62428.54,5828
1084,06-02-2023,1989.1,82.403,62547.11,5918
1085,06-05-2023,1993.9,82.525,62787.47,6004
1086,06-06-2023,2001,82.515,62792.88,5939
1087,06-07-2023,1977.9,82.51,63142.96,6004
1088,06-08-2023,1998.1,82.516,62848.64,5903
1089,06-09-2023,1996.8,82.445,62625.63,5824
1090,06-12-2023,1989.3,82.415,62724.71,5569
1091,06-13-2023,1978.1,82.24,63143.16,5729
1092,06-14-2023,1988.3,81.96,63228.51,5664
1093,06-15-2023,1990.2,81.905,62917.63,5796
1094,06-16-2023,1990.7,81.915,63384.58,5839
1095,06-19-2023,1982.1,81.915,63168.3,5865
1096,06-20-2023,1967.2,82.005,63327.7,5821
1097,06-21-2023,1964.4,81.94,63523.15,5953
1098,06-22-2023,1943,81.96,63238.89,5705
1099,06-23-2023,1948.9,81.985,62979.37,5675
1100,06-26-2023,1953.1,81.975,62970,5737
1101,06-27-2023,1943,82.011,63416.03,5617
1102,06-28-2023,1941.3,82.03,63915.42,5726
1103,06-30-2023,1948.5,82.096,64718.56,5799
1104,07-03-2023,1948.6,81.945,65205.05,5753
1105,07-04-2023,1952.6,81.974,65479.05,5850
1106,07-05-2023,1946.2,82.403,65446.04,5932
1107,07-06-2023,1934.6,82.766,65785.64,5941
1108,07-07-2023,1951.6,82.615,65280.45,6069
1109,07-10-2023,1950.1,82.525,65344.17,6024
1110,07-11-2023,1956.2,82.395,65617.84,6158
1111,07-12-2023,1980.8,81.985,65393.9,6213
1112,07-13-2023,1982.9,82.05,65558.89,6246
1113,07-14-2023,1983.4,82.077,66060.9,6199
1114,07-17-2023,1975.5,82.05,66589.93,6088
1115,07-18-2023,1999.8,82.065,66795.14,6221
1116,07-19-2023,1999.9,82.055,67097.44,6215
1117,07-20-2023,1990.2,82.08,67571.9,6211
1118,07-21-2023,1985.8,81.99,66684.26,6298
1119,07-24-2023,1981.6,81.795,66384.78,6461
1120,07-25-2023,1983.1,81.855,66355.71,6529
1121,07-26-2023,1989.7,81.955,66707.2,6473
1122,07-27-2023,1965.3,82.155,66266.82,6562
1123,07-28-2023,1999.9,82.253,66160.2,6579
1124,07-31-2023,2009.2,82.245,66527.67,6697
1125,08-01-2023,1978.8,82.345,66459.31,6727
1126,08-02-2023,1975,82.735,65782.78,6556
1127,08-03-2023,1968.8,82.755,65240.68,6761
1128,08-04-2023,1976.1,82.696,65721.25,6859
1129,08-07-2023,1970,82.778,65953.48,6806
1130,08-08-2023,1959.9,82.88,65846.5,6840
1131,08-09-2023,1950.6,82.871,65995.81,6929
1132,08-10-2023,1948.9,82.644,65688.18,6873
1133,08-11-2023,1946.6,82.898,65322.65,6937
1134,08-14-2023,1944,83.18,65401.92,6868
1135,08-16-2023,1928.3,83.222,65539.42,6646
1136,08-17-2023,1915.2,83.14,65151.02,6685
1137,08-18-2023,1916.5,83.14,64948.66,6772
1138,08-21-2023,1923,83.09,65216.09,6730
1139,08-22-2023,1926,83.04,65220.03,6641
1140,08-23-2023,1948.1,82.508,65433.3,6555
1141,08-24-2023,1947.1,82.58,65252.34,6520
1142,08-25-2023,1939.9,82.637,64886.51,6503
1143,08-28-2023,1946.8,82.6,64996.6,6618
1144,08-29-2023,1965.1,82.574,65075.82,6704
1145,08-30-2023,1973,82.607,65087.25,6735
1146,08-31-2023,1965.9,82.702,64831.41,6871
1147,09-01-2023,1967.1,82.689,65387.16,7064
1148,09-04-2023,1963.2,82.715,65628.14,7109
1149,09-05-2023,1952.6,83.033,65780.26,7218
1150,09-06-2023,1944.2,83.197,65880.52,7305
1151,09-07-2023,1942.5,83.15,66265.56,7227
1152,09-08-2023,1942.7,83.004,66598.91,7258
1153,09-11-2023,1947.2,82.9,67127.08,7248
1154,09-12-2023,1935.1,82.85,67221.13,7385
1155,09-13-2023,1932.5,82.934,67466.99,7338
1156,09-14-2023,1932.8,83.01,67519,7501
1157,09-15-2023,1946.2,83.069,67838.63,7531
1158,09-18-2023,1953.4,83.27,67596.84,7571
1159,09-20-2023,1967.1,82.92,66800.84,7475
1160,09-21-2023,1939.6,83.102,66230.24,7483
1161,09-22-2023,1945.6,82.97,66009.15,7473
1162,09-25-2023,1936.6,83.13,66023.69,7469
1163,09-26-2023,1919.8,83.23,65945.47,7543
1164,09-27-2023,1890.9,83.181,66118.69,7792
1165,09-28-2023,1898,83.15,65508.32,7623
1166,09-29-2023,1885.4,83.03,65828.41,7542
1167,10-03-2023,1860.7,83.214,65512.1,7448
1168,10-04-2023,1853.8,83.25,65226.04,7064
1169,10-05-2023,1850.8,83.2,65631.57,6920
1170,10-06-2023,1864.4,83.118,65995.63,6875
1171,10-09-2023,1883.5,83.254,65512.39,7184
1172,10-10-2023,1894.6,83.162,66079.36,7161
1173,10-11-2023,1906.8,83.16,66473.05,7017
1174,10-12-2023,1902.5,83.29,66408.39,6896
1175,10-13-2023,1961.1,83.255,66282.74,7259
1176,10-16-2023,1953.9,83.19,66166.93,7259
1177,10-17-2023,1955.4,83.24,66428.09,7192
1178,10-18-2023,1988.1,83.29,65877.02,7365
1179,10-19-2023,2000.2,83.097,65629.24,7427
1180,10-20-2023,2014.5,83.15,65397.62,7357
1181,10-23-2023,2007.8,83.071,64571.88,7132
1182,10-25-2023,2015,83.14,64049.06,7078
1183,10-26-2023,2017.6,83.243,63148.15,6945
1184,10-27-2023,2018.7,83.265,63782.8,7128
1185,10-30-2023,2026,83.25,64112.65,6880
1186,10-31-2023,2014.6,83.256,63874.93,6782
1187,11-01-2023,2007.8,83.237,63591.33,6762
1188,11-02-2023,2013.9,83.234,64080.9,6892
1189,11-03-2023,2019.6,83.14,64363.78,6696
1190,11-06-2023,2009,83.218,64958.69,6826
1191,11-07-2023,1993.8,83.23,64942.4,6507
1192,11-08-2023,1978.1,83.213,64975.61,6274
1193,11-09-2023,1989.9,83.315,64832.2,6372
1194,11-10-2023,1957.7,83.309,64904.68,6470
1195,11-13-2023,1970.2,83.18,64933.87,6523
1196,11-15-2023,1984.3,83.188,65675.93,6424
1197,11-16-2023,2007.5,83.152,65982.48,6026
1198,11-17-2023,2004.8,83.244,65794.73,6319
1199,11-20-2023,2000.4,83.317,65655.15,6543
1200,11-21-2023,2021.8,83.308,65930.77,6468
1201,11-22-2023,2013.2,83.287,66023.24,6363
1202,11-23-2023,2014.9,83.305,66017.81,6374
1203,11-24-2023,2023.5,83.34,65970.04,6345
1204,11-28-2023,2060.2,83.34,66174.2,6413
1205,11-29-2023,2086.6,83.352,66901.91,6488
1206,11-30-2023,2076.7,83.357,66988.44,6407
1207,12-01-2023,2109.2,83.26,67481.19,6281
1208,12-04-2023,2061.6,83.426,68865.12,6157
1209,12-05-2023,2055.7,83.32,69296.14,6076
